Year,Avoided_CO2,Program_Cost_₹
2025,208267.24800000014,1.71e7
2026,205482.7067999998,1.71e7
2027,202753.8564240001,1.71e7
2028,200079.58305551996,1.71e7
2029,197458.79515440995,1.71e7
2030,194890.42301132088,1.71e7
