City,Current_CO2,Improved_CO2,Reduction_Percent,Rank
Delhi,2.651306349853209e6,3.0487099499999997e6,-14.99,1
Kolkata,1.1023802314412405e6,1.27284552e6,-15.46,2
Mumbai,1.8155779485894027e6,2.0974944000000004e6,-15.53,3
Chennai,1.1307510726349275e6,1.3125035e6,-16.07,4
Bangalore,1.232779733090537e6,1.4334979340000001e6,-16.28,5
