City,Year,Baseline_CO2,Optimized_CO2,Elec_CO2,Transport_CO2,EV,Solar,AQI,Reduction_Percent,CSI
Delhi,2025,3.7190579999999995e6,3.376904664e6,2.4861974999999995e6,1.2328605e6,8.0,10.0,109,9.2,99.99999999999973
Delhi,2026,3.66933405e6,3.2473606342499997e6,2.43647355e6,1.2328605e6,10.0,12.5,107,11.5,78.33596396000523
Delhi,2027,3.620604579e6,3.1209611470979997e6,2.387744079e6,1.2328605e6,12.0,15.0,105,13.8,56.83515494576127
Delhi,2028,3.57284969742e6,2.99762089613538e6,2.33998919742e6,1.2328605e6,14.0,17.5,104,16.1,38.85442351644376
Delhi,2029,3.5260499134715996e6,2.8772567293928256e6,2.2931894134715996e6,1.2328605e6,16.0,20.0,102,18.4,17.670340222966438
Delhi,2030,3.4801861252021673e6,2.7597875972853187e6,2.2473256252021673e6,1.2328605e6,18.0,22.5,101,20.7,0.0
